Day,AM Time,AM Height,PM Time,PM Height
1,0737,4.6,1951,4.7
2,0806,4.7,2022,4.8
3,0836,4.8,2052,4.8
4,0906,4.9,2123,4.8
5,0937,4.8,2156,4.6
6,1011,4.7,2236,4.4
7,1053,4.4,2322,4.1
8,1144,4.2,,
9,0020,3.8,1248,3.9
10,0131,3.5,1407,3.7
11,0256,3.5,1531,3.8
12,0413,3.7,1640,4.1
13,0516,4.1,1740,4.5
14,0610,4.6,1831,4.9
15,0658,4.9,1919,5.2
16,0743,5.2,2003,5.3
17,0825,5.3,2048,5.2
18,0907,5.3,2129,5.1
19,0948,5.2,2210,4.8
20,1031,4.9,2255,4.4
21,1118,4.5,2342,4.0
22,,,1205,4.1
23,0031,3.6,1300,3.8
24,0129,3.3,1404,3.5
25,0238,3.1,1517,3.4
26,0355,3.1,1623,3.5
27,0456,3.3,1719,3.7
28,0547,3.6,1806,3.9
29,0629,4.0,1846,4.2
30,0706,4.3,1924,4.4
